035760.KQ,CJ오쇼핑,텔레비전 방송업
058820.KQ,CMG제약,의약품 제조업
277410.KQ,IBKS제8호스팩,금융 지원 서비스업
035600.KQ,KG이니시스,소프트웨어 개발 및 공급업
219550.KQ,MP한강,생활용품 도매업
099220.KQ,SDN,기계장비 및 관련 물품 도매업
057500.KQ,SKC 솔믹스,전자부품 제조업
178920.KQ,SKC코오롱PI,플라스틱제품 제조업
040300.KQ,YTN,"영화, 비디오물, 방송프로그램 제작 및 배급업"
192410.KQ,감마누,통신 및 방송 장비 제조업
063080.KQ,게임빌,기타 금융업
039240.KQ,경남스틸,1차 철강 제조업
038530.KQ,골드퍼시픽,생활용품 도매업
223040.KQ,교보5호스팩,금융 지원 서비스업
267320.KQ,교보7호스팩,금융 지원 서비스업
053270.KQ,구영테크,자동차 신품 부품 제조업
006050.KQ,국영지앤엠,유리 및 유리제품 제조업
049080.KQ,기가레인,특수 목적용 기계 제조업
039860.KQ,나노엔텍,의료용 기기 제조업
091970.KQ,나노캠텍,플라스틱제품 제조업
212560.KQ,네오오토,자동차 신품 부품 제조업
065170.KQ,넥스트BT,음·식료품 및 담배 도매업
139670.KQ,넥스트리밍,소프트웨어 개발 및 공급업
051980.KQ,넥스트바이오홀딩스,통신 및 방송 장비 제조업
092600.KQ,넥스트칩,반도체 제조업
144510.KQ,녹십자랩셀,"그외 기타 전문, 과학 및 기술 서비스업"
039560.KQ,다산네트웍스,통신 및 방송 장비 제조업
032190.KQ,다우데이타,기계장비 및 관련 물품 도매업
005710.KQ,대원산업,자동차 신품 부품 제조업
071460.KQ,대유위니아,가정용 기기 제조업
065690.KQ,대진디엠피,고무제품 제조업
140520.KQ,대창스틸,1차 철강 제조업
023910.KQ,대한약품,의약품 제조업
073190.KQ,디비케이,가구 제조업
033430.KQ,디에스티,기타 전문 도매업
090710.KQ,디에스티로봇,특수 목적용 기계 제조업
033130.KQ,디지틀조선,"자료처리, 호스팅, 포털 및 기타 인터넷 정보매개 서비스업"
033310.KQ,디케이디앤아이,기타 금속 가공제품 제조업
171120.KQ,라이온켐텍,기타 화학제품 제조업
069540.KQ,라이트론,통신 및 방송 장비 제조업
171010.KQ,램테크놀러지,기초 화학물질 제조업
060300.KQ,레드로버,"영화, 비디오물, 방송프로그램 제작 및 배급업"
215100.KQ,로보로보,기타 전기장비 제조업
090360.KQ,로보스타,특수 목적용 기계 제조업
016170.KQ,로엔,기록매체 복제업
038060.KQ,루멘스,반도체 제조업
085370.KQ,루트로닉,의료용 기기 제조업
078160.KQ,메디포스트,기초 의약물질 및 생물학적 제제 제조업
021880.KQ,메이슨캐피탈,기타 금융업
118990.KQ,모트렉스,자동차 신품 부품 제조업
095500.KQ,미래나노텍,플라스틱제품 제조업
207760.KQ,미스터블루,기타 정보 서비스업
086040.KQ,바이오톡스텍,자연과학 및 공학 연구개발업
064480.KQ,브리지텍,소프트웨어 개발 및 공급업
121800.KQ,비덴트,통신 및 방송 장비 제조업
042370.KQ,비츠로테크,기타 금융업
032850.KQ,비트컴퓨터,소프트웨어 개발 및 공급업
122350.KQ,삼기오토모티브,자동차 신품 부품 제조업
009300.KQ,삼아제약,의약품 제조업
225190.KQ,삼양옵틱스,사진장비 및 광학기기 제조업
038070.KQ,서린바이오,기타 전문 도매업
012860.KQ,서연전자,자동차 신품 부품 제조업
140070.KQ,서플러스글로벌,기계장비 및 관련 물품 도매업
035890.KQ,서희건설,건물 건설업
171090.KQ,선익시스템,반도체 제조업
014620.KQ,성광벤드,1차 철강 제조업
043260.KQ,성호전자,전자부품 제조업
230980.KQ,솔트웍스,소프트웨어 개발 및 공급업
050960.KQ,수산아이앤티,소프트웨어 개발 및 공급업
159910.KQ,스킨앤스킨,기타 화학제품 제조업
087220.KQ,스틸플라워,1차 철강 제조업
025320.KQ,시노펙스,전자부품 제조업
269620.KQ,시스웍,"측정, 시험, 항해, 제어 및 기타 정밀기기 제조업; 광학기기 제외"
012790.KQ,신일제약,의약품 제조업
056700.KQ,신화인터텍,플라스틱제품 제조업
222800.KQ,심텍,전자부품 제조업
222080.KQ,씨아이에스,특수 목적용 기계 제조업
036170.KQ,씨티엘,반도체 제조업
052710.KQ,아모텍,전자부품 제조업
143160.KQ,아이디스,통신 및 방송 장비 제조업
052860.KQ,아이앤씨,반도체 제조업
226350.KQ,아이엠텍,전자부품 제조업
013310.KQ,아진산업,자동차 신품 부품 제조업
023890.KQ,아트라스BX,일차전지 및 축전지 제조업
001540.KQ,안국약품,의약품 제조업
123750.KQ,알톤스포츠,그외 기타 운송장비 제조업
196300.KQ,애니젠,기초 의약물질 및 생물학적 제제 제조업
019990.KQ,에너토크,일반 목적용 기계 제조업
041440.KQ,에버다임,특수 목적용 기계 제조업
103230.KQ,에스앤더블류,일반 목적용 기계 제조업
101490.KQ,에스앤에스텍,전자부품 제조업
041910.KQ,에스텍파마,의약품 제조업
052020.KQ,에스티큐브,전자부품 제조업
200710.KQ,에이디테크놀로지,반도체 제조업
088800.KQ,에이스테크,통신 및 방송 장비 제조업
072990.KQ,에이치시티,기타 과학기술 서비스업
239610.KQ,에이치엘사이언스,기타 식품 제조업
073540.KQ,에프알텍,통신 및 방송 장비 제조업
058630.KQ,엠게임,소프트웨어 개발 및 공급업
010470.KQ,오리콤,광고업
048260.KQ,오스템임플란트,의료용 기기 제조업
138080.KQ,오이솔루션,통신 및 방송 장비 제조업
080580.KQ,오킨스전자,전자부품 제조업
251370.KQ,와이엠티,기초 화학물질 제조업
079000.KQ,와토스코리아,플라스틱제품 제조업
215360.KQ,우리산업,자동차 신품 부품 제조업
153490.KQ,우리이앤엘,반도체 제조업
032940.KQ,원익,기계장비 및 관련 물품 도매업
012620.KQ,원일특강,1차 철강 제조업
008370.KQ,원풍,플라스틱제품 제조업
101160.KQ,월덱스,전자부품 제조업
196700.KQ,웹스,합성고무 및 플라스틱 물질 제조업
039790.KQ,위노바,기타 화학제품 제조업
136540.KQ,윈스,"컴퓨터 프로그래밍, 시스템 통합 및 관리업"
192390.KQ,윈하이텍,"구조용 금속제품, 탱크 및 증기발생기 제조업"
036200.KQ,유니셈,특수 목적용 기계 제조업
011320.KQ,유니크,자동차 신품 부품 제조업
206650.KQ,유바이오로직스,자연과학 및 공학 연구개발업
032620.KQ,유비케어,소프트웨어 개발 및 공급업
054930.KQ,유신,"건축기술, 엔지니어링 및 관련 기술 서비스업"
056080.KQ,유진로봇,특수 목적용 기계 제조업
067920.KQ,이글루시큐리티,소프트웨어 개발 및 공급업
073490.KQ,이노와이어리스,통신 및 방송 장비 제조업
215790.KQ,이노인스트루먼트,통신 및 방송 장비 제조업
225440.KQ,이베스트스팩3호,기타 금융업
060150.KQ,인선이엔티,폐기물 처리업
037330.KQ,인지디스플레,전자부품 제조업
216050.KQ,인크로스,광고업
048530.KQ,인트론바이오,기초 의약물질 및 생물학적 제제 제조업
175140.KQ,인포마크,통신 및 방송 장비 제조업
071200.KQ,인피니트헬스케어,소프트웨어 개발 및 공급업
101930.KQ,인화정공,선박 및 보트 건조업
208140.KQ,정다운,"도축, 육류 가공 및 저장 처리업"
019570.KQ,제미니투자,신탁업 및 집합투자업
033320.KQ,제이씨현시스템,기계장비 및 관련 물품 도매업
094970.KQ,제이엠티,전자부품 제조업
082270.KQ,젬백스,특수 목적용 기계 제조업
111820.KQ,지와이커머스,기타 정보 서비스업
096240.KQ,청담러닝,일반 교습 학원
071850.KQ,캐스텍코리아,자동차 신품 부품 제조업
093320.KQ,케이아이엔엑스,"자료처리, 호스팅, 포털 및 기타 인터넷 정보매개 서비스업"
256940.KQ,케이피에스,특수 목적용 기계 제조업
104540.KQ,코렌텍,의료용 기기 제조업
027050.KQ,코리아나,기타 화학제품 제조업
101670.KQ,코리아에스이,"구조용 금속제품, 탱크 및 증기발생기 제조업"
183300.KQ,코미코,특수 목적용 기계 제조업
166480.KQ,코아스템,의약품 제조업
033290.KQ,코웰패션,의복 액세서리 제조업
121850.KQ,코이즈,플라스틱제품 제조업
052330.KQ,코텍,영상 및 음향기기 제조업
225650.KQ,쿠첸,가정용 기기 제조업
051780.KQ,큐로홀딩스,음·식료품 및 담배 도매업
058530.KQ,크레아플래닛,특수 목적용 기계 제조업
218710.KQ,키움스팩3호,금융 지원 서비스업
054780.KQ,키이스트,"영화, 비디오물, 방송프로그램 제작 및 배급업"
054450.KQ,텔레칩스,반도체 제조업
084730.KQ,팅크웨어,통신 및 방송 장비 제조업
034230.KQ,파라다이스,유원지 및 기타 오락관련 서비스업
038950.KQ,파인디지털,통신 및 방송 장비 제조업
043090.KQ,팜스웰바이오,기타 전문 도매업
060900.KQ,퍼시픽바이오,석유 정제품 제조업
005670.KQ,푸드웰,"과실, 채소 가공 및 저장 처리업"
007330.KQ,푸른저축은행,은행 및 저축기관
023900.KQ,풍국주정,알코올음료 제조업
002230.KQ,피에스텍,"측정, 시험, 항해, 제어 및 기타 정밀기기 제조업; 광학기기 제외"
006140.KQ,피제이전자,의료용 기기 제조업
087600.KQ,픽셀플러스,전자부품 제조업
230240.KQ,하나금융7호SPAC,금융 지원 서비스업
149980.KQ,하이로닉,의료용 기기 제조업
013030.KQ,하이록코리아,1차 철강 제조업
235010.KQ,하이에이아이1호스팩,금융 지원 서비스업
271740.KQ,한국제5호스팩,금융 지원 서비스업
007770.KQ,한일화학,기초 화학물질 제조업
219860.KQ,한화에이스스팩2호,금융 지원 서비스업
279410.KQ,한화에이스스팩4호,금융 지원 서비스업
102210.KQ,해덕파워웨이,선박 및 보트 건조업
220630.KQ,해마로푸드서비스,음·식료품 및 담배 도매업
092300.KQ,현우산업,전자부품 제조업
039610.KQ,화성밸브,일반 목적용 기계 제조업
205470.KQ,휴마시스,의료용품 및 기타 의약 관련제품 제조업
028080.KQ,휴맥스홀딩스,기타 금융업
084110.KQ,휴온스글로벌,기타 금융업
010240.KQ,흥국,특수 목적용 기계 제조업
037440.KQ,희림,"건축기술, 엔지니어링 및 관련 기술 서비스업"
023460.KQ,CNH,신탁업 및 집합투자업
065770.KQ,CS,통신 및 방송 장비 제조업
241520.KQ,DSC인베스트먼트,신탁업 및 집합투자업
079190.KQ,EMW,통신 및 방송 장비 제조업
032860.KQ,GMR 머티리얼즈,"해체, 선별 및 원료 재생업"
028150.KQ,GS홈쇼핑,텔레비전 방송업
078150.KQ,HB테크놀러지,특수 목적용 기계 제조업
122450.KQ,KMH,텔레비전 방송업
052900.KQ,KMH하이텍,플라스틱제품 제조업
218410.KQ,RFHIC,통신 및 방송 장비 제조업
255220.KQ,SG,기타 비금속 광물제품 제조업
040610.KQ,SG&G,자동차 신품 부품 제조업
049470.KQ,SGA,소프트웨어 개발 및 공급업
217730.KQ,강스템바이오텍,기초 의약물질 및 생물학적 제제 제조업
049720.KQ,고려신용정보,기타 사업지원 서비스업
227950.KQ,골든브릿지제4호스팩,금융 지원 서비스업
242040.KQ,교보비엔케이스팩,금융 지원 서비스업
900070.KQ,글로벌에스엠,기타 금융업
151910.KQ,나노스,사진장비 및 광학기기 제조업
085910.KQ,네오티스,자동차 신품 부품 제조업
089140.KQ,넥스턴,특수 목적용 기계 제조업
060260.KQ,뉴보텍,플라스틱제품 제조업
144960.KQ,뉴파워프라즈마,특수 목적용 기계 제조업
222810.KQ,닉스테크,소프트웨어 개발 및 공급업
068240.KQ,다원시스,"전동기, 발전기 및 전기 변환 · 공급 · 제어 장치 제조업"
067080.KQ,대화제약,의약품 제조업
067990.KQ,도이치모터스,자동차 판매업
088130.KQ,동아엘텍,특수 목적용 기계 제조업
060380.KQ,동양에스텍,1차 철강 제조업
094170.KQ,동운아나텍,반도체 제조업
217620.KQ,디딤,음식점업
187870.KQ,디바이스이엔지,특수 목적용 기계 제조업
043360.KQ,디지아이,컴퓨터 및 주변장치 제조업
042510.KQ,라온시큐어,소프트웨어 개발 및 공급업
039980.KQ,리노스,"섬유, 의복, 신발 및 가죽제품 소매업"
098120.KQ,마이크로컨텍솔,전자부품 제조업
241770.KQ,메카로,기타 화학제품 제조업
087260.KQ,모바일어플라이언스,소프트웨어 개발 및 공급업
206640.KQ,바디텍메드,의료용품 및 기타 의약 관련제품 제조업
064550.KQ,바이오니아,의료용품 및 기타 의약 관련제품 제조업
177350.KQ,베셀,특수 목적용 기계 제조업
008470.KQ,부스타,"구조용 금속제품, 탱크 및 증기발생기 제조업"
141000.KQ,비아트론,특수 목적용 기계 제조업
054220.KQ,비츠로시스,"전동기, 발전기 및 전기 변환 · 공급 · 제어 장치 제조업"
143240.KQ,사람인에이치알,"자료처리, 호스팅, 포털 및 기타 인터넷 정보매개 서비스업"
018310.KQ,삼목에스폼,"구조용 금속제품, 탱크 및 증기발생기 제조업"
263810.KQ,상신전자,전자부품 제조업
042600.KQ,새로닉스,전자부품 제조업
079650.KQ,서산,"시멘트, 석회, 플라스터 및 그 제품 제조업"
093920.KQ,서원인텍,통신 및 방송 장비 제조업
122690.KQ,서진오토모티브,자동차 신품 부품 제조업
123420.KQ,선데이토즈,소프트웨어 개발 및 공급업
037350.KQ,성도이엔지,"건축기술, 엔지니어링 및 관련 기술 서비스업"
214310.KQ,세미콘라이트,반도체 제조업
067770.KQ,세진티에스,전자부품 제조업
208370.KQ,셀바스헬스케어,의료용 기기 제조업
068270.KQ,셀트리온,기초 의약물질 및 생물학적 제제 제조업
068760.KQ,셀트리온제약,의약품 제조업
091990.KQ,셀트리온헬스케어,기타 전문 도매업
099440.KQ,스맥,특수 목적용 기계 제조업
020710.KQ,시공테크,전문디자인업
215600.KQ,신라젠,자연과학 및 공학 연구개발업
225590.KQ,신영스팩2호,금융 지원 서비스업
277480.KQ,신한제4호스팩,금융 지원 서비스업
160980.KQ,싸이맥스,특수 목적용 기계 제조업
051170.KQ,썬코어,일반 목적용 기계 제조업
208640.KQ,썸에이지,소프트웨어 개발 및 공급업
222420.KQ,쎄노텍,기타 비금속 광물제품 제조업
049960.KQ,쎌바이오텍,기초 의약물질 및 생물학적 제제 제조업
050890.KQ,쏠리드,통신 및 방송 장비 제조업
115480.KQ,씨유메디칼,의료용 기기 제조업
047920.KQ,씨트리,자연과학 및 공학 연구개발업
260930.KQ,씨티케이코스메틱스,기타 화학제품 제조업
246720.KQ,아스타,의료용품 및 기타 의약 관련제품 제조업
067390.KQ,아스트,"항공기,우주선 및 부품 제조업"
060570.KQ,아이리버,영상 및 음향기기 제조업
101390.KQ,아이엠,전자부품 제조업
114810.KQ,아이원스,특수 목적용 기계 제조업
059100.KQ,아이컴포넌트,전자부품 제조업
052460.KQ,아이크래프트,"컴퓨터 프로그래밍, 시스템 통합 및 관리업"
119830.KQ,아이텍반도체,"그외 기타 전문, 과학 및 기술 서비스업"
053800.KQ,안랩,소프트웨어 개발 및 공급업
106080.KQ,알비케이이엠디,전자부품 제조업
255440.KQ,야스,특수 목적용 기계 제조업
109610.KQ,에스와이패널,"구조용 금속제품, 탱크 및 증기발생기 제조업"
069510.KQ,에스텍,영상 및 음향기기 제조업
054630.KQ,에이디칩스,기계장비 및 관련 물품 도매업
044780.KQ,에이치케이,특수 목적용 기계 제조업
089530.KQ,에이티세미콘,반도체 제조업
230360.KQ,에코마케팅,광고업
038110.KQ,에코플라스틱,자동차 신품 부품 제조업
054940.KQ,엑사이엔씨,실내건축 및 건축마무리 공사업
101400.KQ,엔시트론,반도체 제조업
256840.KQ,엔에이치스팩11호,금융 지원 서비스업
206400.KQ,엔터메이트,소프트웨어 개발 및 공급업
138690.KQ,엘아이에스,특수 목적용 기계 제조업
066970.KQ,엘앤에프,일차전지 및 축전지 제조업
073110.KQ,엘엠에스,사진장비 및 광학기기 제조업
083310.KQ,엘오티베큠,특수 목적용 기계 제조업
053280.KQ,예스24,무점포 소매업
045060.KQ,오공,기타 화학제품 제조업
014940.KQ,오리엔탈정공,선박 및 보트 건조업
065500.KQ,오리엔트정공,자동차 신품 부품 제조업
067170.KQ,오텍,기타 금융업
122990.KQ,와이솔,전자부품 제조업
194610.KQ,우성아이비,그외 기타 제품 제조업
104830.KQ,원익머트리얼즈,기초 화학물질 제조업
114190.KQ,웰크론강원,"구조용 금속제품, 탱크 및 증기발생기 제조업"
112040.KQ,위메이드,소프트웨어 개발 및 공급업
203450.KQ,유니온커뮤니티,통신 및 방송 장비 제조업
024800.KQ,유성티엔에스,육상 여객 운송업
069330.KQ,유아이디,전자부품 제조업
084370.KQ,유진테크,특수 목적용 기계 제조업
178780.KQ,유테크,전자부품 제조업
272290.KQ,이녹스첨단소재,전자부품 제조업
078020.KQ,이베스트투자증권,금융 지원 서비스업
067010.KQ,이씨에스,"컴퓨터 프로그래밍, 시스템 통합 및 관리업"
223310.KQ,이에스브이,소프트웨어 개발 및 공급업
095190.KQ,이엠코리아,특수 목적용 기계 제조업
091120.KQ,이엠텍,전자부품 제조업
016250.KQ,이테크건설,건물 건설업
134060.KQ,이퓨쳐,"서적, 잡지 및 기타 인쇄물 출판업"
024810.KQ,이화전기,"전동기, 발전기 및 전기 변환 · 공급 · 제어 장치 제조업"
039290.KQ,인포뱅크,기타 정보 서비스업
049550.KQ,잉크테크,기타 화학제품 제조업
234920.KQ,자이글,가정용 기기 제조업
123330.KQ,제닉,기타 화학제품 제조업
026040.KQ,제이에스티나,귀금속 및 장신용품 제조업
119850.KQ,지엔씨에너지,"전동기, 발전기 및 전기 변환 · 공급 · 제어 장치 제조업"
204840.KQ,지엘팜텍,자연과학 및 공학 연구개발업
109820.KQ,진매트릭스,자연과학 및 공학 연구개발업
036890.KQ,진성티이씨,특수 목적용 기계 제조업
900040.KQ,차이나그레이트,기타 금융업
900310.KQ,컬러레이,회사 본부 및 경영 컨설팅 서비스업
258790.KQ,케이비제11호스팩,금융 지원 서비스업
073010.KQ,케이에스피,일반 목적용 기계 제조업
039420.KQ,케이엘넷,전기 통신업
032500.KQ,케이엠더블유,통신 및 방송 장비 제조업
036690.KQ,코맥스,통신 및 방송 장비 제조업
045970.KQ,코아시아홀딩스,"그외 기타 전문, 과학 및 기술 서비스업"
015710.KQ,코콤,통신 및 방송 장비 제조업
114120.KQ,크루셜텍,전자부품 제조업
083790.KQ,크리스탈,자연과학 및 공학 연구개발업
214150.KQ,클래시스,의료용 기기 제조업
023160.KQ,태광,1차 철강 제조업
182690.KQ,테라셈,반도체 제조업
200230.KQ,텔콘,통신 및 방송 장비 제조업
215480.KQ,토박스코리아,"섬유, 의복, 신발 및 가죽제품 소매업"
066410.KQ,투윈글로벌,"영화, 비디오물, 방송프로그램 제작 및 배급업"
062860.KQ,티엘아이,반도체 제조업
194510.KQ,파티게임즈,소프트웨어 개발 및 공급업
022100.KQ,포스코 ICT,"건축기술, 엔지니어링 및 관련 기술 서비스업"
053610.KQ,프로텍,특수 목적용 기계 제조업
051380.KQ,피씨디렉트,기계장비 및 관련 물품 도매업
241820.KQ,피씨엘,의료용품 및 기타 의약 관련제품 제조업
064800.KQ,필링크,"컴퓨터 프로그래밍, 시스템 통합 및 관리업"
217500.KQ,하이제3호스팩,금융 지원 서비스업
222980.KQ,한국맥널티,기타 식품 제조업
063570.KQ,한국전자금융,기타 사업지원 서비스업
099660.KQ,한솔신텍,"구조용 금속제품, 탱크 및 증기발생기 제조업"
005860.KQ,한일사료,동물용 사료 및 조제식품 제조업
134780.KQ,화진,자동차 신품 부품 제조업
050090.KQ,휘닉스소재,전자부품 제조업
065510.KQ,휴비츠,의료용 기기 제조업
060310.KQ,3S,특수 목적용 기계 제조업
083660.KQ,CSA 코스믹,플라스틱제품 제조업
130500.KQ,GH신소재,기타 섬유제품 제조업
276920.KQ,IBKS제7호스팩,금융 지원 서비스업
035900.KQ,JYP Ent.,오디오물 출판 및 원판 녹음업
024120.KQ,KB오토시스,자동차 신품 부품 제조업
021320.KQ,KCC건설,건물 건설업
044180.KQ,KD건설,건물 건설업
083470.KQ,KJ프리텍,플라스틱제품 제조업
114450.KQ,KPX생명과학,기초 의약물질 및 생물학적 제제 제조업
060250.KQ,NHN한국사이버결제,기타 정보 서비스업
019550.KQ,SBI인베스트먼트,신탁업 및 집합투자업
036540.KQ,SFA반도체,반도체 제조업
184230.KQ,SGA솔루션즈,소프트웨어 개발 및 공급업
048550.KQ,SM C&C,"영화, 비디오물, 방송프로그램 제작 및 배급업"
052300.KQ,W홀딩컴퍼니,기타 운송관련 서비스업
051390.KQ,YW,상품 종합 도매업
052220.KQ,iMBC,"자료처리, 호스팅, 포털 및 기타 인터넷 정보매개 서비스업"
024840.KQ,갑을메탈,1차 비철금속 제조업
198440.KQ,고려시멘트,"시멘트, 석회, 플라스터 및 그 제품 제조업"
014200.KQ,광림,자동차용 엔진 및 자동차 제조업
060480.KQ,국일신동,1차 비철금속 제조업
053260.KQ,금강철강,1차 철강 제조업
035460.KQ,기산텔레콤,통신 및 방송 장비 제조업
138610.KQ,나이벡,의료용품 및 기타 의약 관련제품 제조업
087730.KQ,네패스신소재,합성고무 및 플라스틱 물질 제조업
222040.KQ,뉴트리바이오텍,기타 식품 제조업
900100.KQ,뉴프라이드,자동차 부품 및 내장품 판매업
036480.KQ,대성미생물,의약품 제조업
262830.KQ,대신밸런스제4호스팩,금융 지원 서비스업
045390.KQ,대아티아이,소프트웨어 개발 및 공급업
006580.KQ,대양제지,"펄프, 종이 및 판지 제조업"
078600.KQ,대주전자재료,전자부품 제조업
021040.KQ,대호피앤씨,1차 철강 제조업
263600.KQ,덕우전자,전자부품 제조업
263800.KQ,데이타솔루션,"컴퓨터 프로그래밍, 시스템 통합 및 관리업"
005160.KQ,동국산업,1차 철강 제조업
041930.KQ,동아화성,고무제품 제조업
228340.KQ,동양파일,"시멘트, 석회, 플라스터 및 그 제품 제조업"
088910.KQ,동우팜투테이블,"도축, 육류 가공 및 저장 처리업"
013120.KQ,동원개발,건물 건설업
005290.KQ,동진쎄미켐,기초 화학물질 제조업
109740.KQ,디에스케이,특수 목적용 기계 제조업
900260.KQ,로스웰,기타 금융업
042500.KQ,링네트,"컴퓨터 프로그래밍, 시스템 통합 및 관리업"
086900.KQ,메디톡스,기초 의약물질 및 생물학적 제제 제조업
058110.KQ,멕아이씨에스,의료용 기기 제조업
096640.KQ,멜파스,전자부품 제조업
213090.KQ,미래테크놀로지,소프트웨어 개발 및 공급업
035620.KQ,바른손이앤에이,소프트웨어 개발 및 공급업
065940.KQ,바이오빌,기초 화학물질 제조업
006910.KQ,보성파워텍,"구조용 금속제품, 탱크 및 증기발생기 제조업"
014470.KQ,부방,기타 금융업
066980.KQ,브레인콘텐츠,기타 정보 서비스업
251630.KQ,브이원텍,특수 목적용 기계 제조업
100090.KQ,삼강엠앤티,1차 철강 제조업
053700.KQ,삼보모터스,자동차 신품 부품 제조업
073640.KQ,삼원테크,기타 금속 가공제품 제조업
027580.KQ,상보,전자부품 제조업
263540.KQ,샘코,"항공기,우주선 및 부품 제조업"
027040.KQ,서울전자통신,"전동기, 발전기 및 전기 변환 · 공급 · 제어 장치 제조업"
178320.KQ,서진시스템,통신 및 방송 장비 제조업
081580.KQ,성우전자,통신 및 방송 장비 제조업
039310.KQ,세중,여행사 및 기타 여행보조 서비스업
108860.KQ,셀바스AI,소프트웨어 개발 및 공급업
053110.KQ,소리바다,"자료처리, 호스팅, 포털 및 기타 인터넷 정보매개 서비스업"
032680.KQ,소프트센,기계장비 및 관련 물품 도매업
035610.KQ,솔본,회사 본부 및 경영 컨설팅 서비스업
236200.KQ,슈프리마,통신 및 방송 장비 제조업
192440.KQ,슈피겐코리아,그외 기타 제품 제조업
115570.KQ,스타플렉스,플라스틱제품 제조업
099320.KQ,쎄트렉아이,"항공기,우주선 및 부품 제조업"
060590.KQ,씨티씨바이오,생활용품 도매업
068940.KQ,아이씨케이,전자부품 제조업
078860.KQ,아이오케이,소프트웨어 개발 및 공급업
031310.KQ,아이즈비전,무점포 소매업
032080.KQ,아즈텍WB,"섬유제품 염색, 정리 및 마무리 가공업"
196170.KQ,알테오젠,자연과학 및 공학 연구개발업
238090.KQ,앤디포스,플라스틱제품 제조업
050320.KQ,에스아이티글로벌,기계장비 및 관련 물품 도매업
226340.KQ,에이치엠씨3호스팩,금융 지원 서비스업
173940.KQ,에프엔씨엔터,오디오물 출판 및 원판 녹음업
217820.KQ,엔에스,특수 목적용 기계 제조업
097520.KQ,엠씨넥스,영상 및 음향기기 제조업
009780.KQ,엠에스씨,기타 식품 제조업
900300.KQ,오가닉티코스메틱,기타 금융업
046120.KQ,오르비텍,기타 과학기술 서비스업
039200.KQ,오스코텍,의약품 제조업
031510.KQ,오스템,자동차 신품 부품 제조업
057540.KQ,옴니시스템,"측정, 시험, 항해, 제어 및 기타 정밀기기 제조업; 광학기기 제외"
082210.KQ,옵트론텍,사진장비 및 광학기기 제조업
109080.KQ,옵티시스,통신 및 방송 장비 제조업
232140.KQ,와이아이케이,특수 목적용 기계 제조업
193250.KQ,와이제이엠게임즈,전자부품 제조업
046970.KQ,우리로,통신 및 방송 장비 제조업
101170.KQ,우림기계,일반 목적용 기계 제조업
018620.KQ,우진비앤지,의약품 제조업
014190.KQ,원익큐브,기타 전문 도매업
095270.KQ,웨이브일렉트로,통신 및 방송 장비 제조업
076080.KQ,웰크론한텍,특수 목적용 기계 제조업
044340.KQ,위닉스,가정용 기기 제조업
142210.KQ,유니트론텍,기계장비 및 관련 물품 도매업
221200.KQ,유진스팩3호,금융 지원 서비스업
191410.KQ,육일씨엔에쓰,전자부품 제조업
033110.KQ,이디,"측정, 시험, 항해, 제어 및 기타 정밀기기 제조업; 광학기기 제외"
041520.KQ,이라이콤,전자부품 제조업
036260.KQ,이매진아시아,"영화, 비디오물, 방송프로그램 제작 및 배급업"
080010.KQ,이상네트웍스,상품 중개업
900110.KQ,이스트아시아홀딩스,기타 금융업
083640.KQ,인콘,통신 및 방송 장비 제조업
065530.KQ,전파기지국,전기 통신업
054950.KQ,제이브이엠,일반 목적용 기계 제조업
023440.KQ,제일제강,1차 철강 제조업
041590.KQ,젬백스테크놀러지,전자부품 제조업
101730.KQ,조이맥스,소프트웨어 개발 및 공급업
036930.KQ,주성엔지니어링,특수 목적용 기계 제조업
053050.KQ,지에스이,연료용 가스 제조 및 배관공급업
115450.KQ,지트리비앤티,전자부품 제조업
018120.KQ,진로발효,알코올음료 제조업
016920.KQ,카스,기계장비 및 관련 물품 도매업
078340.KQ,컴투스,소프트웨어 개발 및 공급업
221980.KQ,케이디켐,기타 화학제품 제조업
232270.KQ,케이비제9호스팩,금융 지원 서비스업
123410.KQ,코리아에프티,자동차 신품 부품 제조업
049430.KQ,코메론,"측정, 시험, 항해, 제어 및 기타 정밀기기 제조업; 광학기기 제외"
040350.KQ,큐로컴,"컴퓨터 프로그래밍, 시스템 통합 및 관리업"
115180.KQ,큐리언트,자연과학 및 공학 연구개발업
219130.KQ,타이거일렉,전자부품 제조업
053620.KQ,태양,기타 금속 가공제품 제조업
038540.KQ,텍셀네트컴,"컴퓨터 프로그래밍, 시스템 통합 및 관리업"
051360.KQ,토비스,영상 및 음향기기 제조업
043200.KQ,파루,"전동기, 발전기 및 전기 변환 · 공급 · 제어 장치 제조업"
170790.KQ,파이오링크,통신 및 방송 장비 제조업
106240.KQ,파인테크닉스,통신 및 방송 장비 제조업
054300.KQ,팬스타엔터프라이즈,일반 목적용 기계 제조업
263750.KQ,펄어비스,소프트웨어 개발 및 공급업
043370.KQ,평화정공,자동차 신품 부품 제조업
016670.KQ,포비스티앤씨,기타 전문 도매업
035200.KQ,프럼파스트,플라스틱제품 제조업
031980.KQ,피에스케이,특수 목적용 기계 제조업
221840.KQ,하이즈항공,"항공기,우주선 및 부품 제조업"
240540.KQ,한국4호스팩,금융 지원 서비스업
025770.KQ,한국정보통신,전기 통신업
281410.KQ,한국제6호스팩,금융 지원 서비스업
052600.KQ,한네트,전기 통신업
070590.KQ,한솔인티큐브,"컴퓨터 프로그래밍, 시스템 통합 및 관리업"
054920.KQ,한컴시큐어,소프트웨어 개발 및 공급업
900270.KQ,헝셩그룹,기타 금융업
170030.KQ,현대공업,자동차 신품 부품 제조업
048410.KQ,현대아이비티,컴퓨터 및 주변장치 제조업
024060.KQ,흥구석유,기타 전문 도매업
060720.KQ,KH바텍,전자부품 제조업
024940.KQ,PN풍년,기타 금속 가공제품 제조업
038340.KQ,UCI,일차전지 및 축전지 제조업
053950.KQ,경남제약,의약품 제조업
011040.KQ,경동제약,의약품 제조업
098460.KQ,고영,특수 목적용 기계 제조업
026910.KQ,광진실업,1차 철강 제조업
090150.KQ,광진윈텍,자동차 신품 부품 제조업
066620.KQ,국보디자인,실내건축 및 건축마무리 공사업
078130.KQ,국일제지,기타 종이 및 판지 제품 제조업
204620.KQ,글로벌텍스프리,금융 지원 서비스업
036190.KQ,금화피에스시,전기 및 통신 공사업
190510.KQ,나무가,전자부품 제조업
217270.KQ,넵튠,소프트웨어 개발 및 공급업
054050.KQ,농우바이오,작물 재배업
085670.KQ,뉴프렉스,전자부품 제조업
093640.KQ,다믈멀티미디어,반도체 제조업
048910.KQ,대원미디어,"영화, 비디오물, 방송프로그램 제작 및 배급업"
096350.KQ,대창솔루션,"구조용 금속제품, 탱크 및 증기발생기 제조업"
054670.KQ,대한뉴팜,의약품 제조업
100130.KQ,동국S&C,"구조용 금속제품, 탱크 및 증기발생기 제조업"
104460.KQ,동양피엔에프,일반 목적용 기계 제조업
109860.KQ,동일금속,금속 주조업
092070.KQ,디엔에프,기타 화학제품 제조업
101000.KQ,디엠씨,특수 목적용 기계 제조업
131180.KQ,딜리,컴퓨터 및 주변장치 제조업
082800.KQ,루미마이크로,반도체 제조업
147760.KQ,마이크로프랜드,"측정, 시험, 항해, 제어 및 기타 정밀기기 제조업; 광학기기 제외"
127160.KQ,매직마이크로,전자부품 제조업
141070.KQ,맥스로텍,특수 목적용 기계 제조업
215200.KQ,메가스터디교육,일반 교습 학원
080420.KQ,모다이노칩,전자부품 제조업
101330.KQ,모베이스,통신 및 방송 장비 제조업
265480.KQ,미래에셋대우스팩1호,금융 지원 서비스업
059090.KQ,미코,반도체 제조업
250000.KQ,보라티알,음·식료품 및 담배 도매업
014100.KQ,보령메디앙스,기타 화학제품 제조업
082920.KQ,비츠로셀,일차전지 및 축전지 제조업
014970.KQ,삼륭물산,"골판지, 종이 상자 및 종이용기 제조업"
111870.KQ,삼본정밀전자,영상 및 음향기기 제조업
065570.KQ,삼영이엔씨,통신 및 방송 장비 제조업
002290.KQ,삼일기업공사,건물 건설업
037460.KQ,삼지전자,통신 및 방송 장비 제조업
006730.KQ,서부T&D,상품 종합 도매업
046890.KQ,서울반도체,반도체 제조업
036630.KQ,세종텔레콤,전기 통신업
131090.KQ,시큐브,소프트웨어 개발 및 공급업
010280.KQ,쌍용정보통신,"컴퓨터 프로그래밍, 시스템 통합 및 관리업"
101240.KQ,씨큐브,기초 화학물질 제조업
074430.KQ,아미노로직스,기타 전문 도매업
092040.KQ,아미코젠,기타 식품 제조업
038880.KQ,아이에이,전자부품 제조업
059120.KQ,아진엑스텍,반도체 제조업
067160.KQ,아프리카TV,소프트웨어 개발 및 공급업
131370.KQ,알서포트,소프트웨어 개발 및 공급업
140670.KQ,알에스오토메이션,전자부품 제조업
085810.KQ,알티캐스트,소프트웨어 개발 및 공급업
117670.KQ,알파홀딩스,반도체 제조업
205500.KQ,액션스퀘어,소프트웨어 개발 및 공급업
102120.KQ,어보브반도체,반도체 제조업
025980.KQ,에머슨퍼시픽,스포츠 서비스업
038680.KQ,에스넷,"컴퓨터 프로그래밍, 시스템 통합 및 관리업"
121890.KQ,에스디시스템,전자부품 제조업
031330.KQ,에스에이엠티,기계장비 및 관련 물품 도매업
112240.KQ,에스에프씨,플라스틱제품 제조업
263920.KQ,에스엔피월드,그외 기타 제품 제조업
080440.KQ,에스제이케이,자동차 신품 부품 제조업
039440.KQ,에스티아이,특수 목적용 기계 제조업
098660.KQ,에스티오,봉제의복 제조업
050760.KQ,에스폴리텍,플라스틱제품 제조업
045660.KQ,에이텍,컴퓨터 및 주변장치 제조업
224110.KQ,에이텍티앤,통신 및 방송 장비 제조업
073570.KQ,에이티테크놀러지,특수 목적용 기계 제조업
043580.KQ,에임하이,전자부품 제조업
256630.KQ,엔에이치스팩10호,금융 지원 서비스업
037950.KQ,엘컴텍,전자부품 제조업
019590.KQ,엠벤처투자,신탁업 및 집합투자업
032790.KQ,엠젠플러스,기계장비 및 관련 물품 도매업
036180.KQ,영인프런티어,기계장비 및 관련 물품 도매업
265560.KQ,영화테크,자동차 신품 부품 제조업
039830.KQ,오로라,전문디자인업
049480.KQ,오픈베이스,"컴퓨터 프로그래밍, 시스템 통합 및 관리업"
057680.KQ,옴니텔,소프트웨어 개발 및 공급업
123010.KQ,옵토팩,전자부품 제조업
067900.KQ,와이엔텍,폐기물 처리업
066430.KQ,와이오엠,기타 전문 도매업
041190.KQ,우리기술투자,기타 금융업
215380.KQ,우정비에스씨,자연과학 및 공학 연구개발업
065950.KQ,웰크론,직물직조 및 직물제품 제조업
038620.KQ,위즈코프,연료 소매업
195990.KQ,유지인트,특수 목적용 기계 제조업
179900.KQ,유티아이,전자부품 제조업
115610.KQ,이미지스,반도체 제조업
123570.KQ,이엠넷,광고업
181340.KQ,이즈미디어,"측정, 시험, 항해, 제어 및 기타 정밀기기 제조업; 광학기기 제외"
035810.KQ,이지바이오,동물용 사료 및 조제식품 제조업
092130.KQ,이크레더블,기타 정보 서비스업
079950.KQ,인베니아,특수 목적용 기계 제조업
158310.KQ,인터불스,특수 목적용 기계 제조업
051370.KQ,인터플렉스,전자부품 제조업
150840.KQ,인트로메딕,의료용 기기 제조업
094820.KQ,일진파워,전기 및 통신 공사업
065620.KQ,제낙스,1차 철강 제조업
187420.KQ,제노포커스,기초 의약물질 및 생물학적 제제 제조업
159580.KQ,제로투세븐,생활용품 도매업
079370.KQ,제우스,특수 목적용 기계 제조업
096690.KQ,제이스테판,컴퓨터 및 주변장치 제조업
089790.KQ,제이티,특수 목적용 기계 제조업
052670.KQ,제일바이오,의약품 제조업
034940.KQ,조아제약,의약품 제조업
033340.KQ,좋은사람들,봉제의복 제조업
086060.KQ,진바이오텍,동물용 사료 및 조제식품 제조업
007370.KQ,진양제약,의약품 제조업
085660.KQ,차바이오텍,기초 의약물질 및 생물학적 제제 제조업
094850.KQ,참좋은여행,여행사 및 기타 여행보조 서비스업
221950.KQ,케이비드림3호스팩,금융 지원 서비스업
192250.KQ,케이사인,소프트웨어 개발 및 공급업
115500.KQ,케이씨에스,"컴퓨터 프로그래밍, 시스템 통합 및 관리업"
089150.KQ,케이씨티,"컴퓨터 프로그래밍, 시스템 통합 및 관리업"
042040.KQ,케이피엠테크,기타 화학제품 제조업
224060.KQ,코디엠,특수 목적용 기계 제조업
009730.KQ,코센,1차 철강 제조업
126600.KQ,코프라,합성고무 및 플라스틱 물질 제조업
016600.KQ,큐캐피탈,기타 금융업
045520.KQ,크린앤사이언스,"펄프, 종이 및 판지 제조업"
095610.KQ,테스,특수 목적용 기계 제조업
089030.KQ,테크윙,특수 목적용 기계 제조업
950160.KQ,티슈진,기초 의약물질 및 생물학적 제제 제조업
081150.KQ,티플랙스,기타 금속 가공제품 제조업
037070.KQ,파세코,가정용 기기 제조업
131760.KQ,파인텍,전자부품 제조업
091700.KQ,파트론,전자부품 제조업
068050.KQ,팬엔터테인먼트,"영화, 비디오물, 방송프로그램 제작 및 배급업"
009520.KQ,포스코엠텍,1차 철강 제조업
220100.KQ,퓨쳐켐,의약품 제조업
053160.KQ,프리엠스,"전동기, 발전기 및 전기 변환 · 공급 · 제어 장치 제조업"
023770.KQ,플레이위드,소프트웨어 개발 및 공급업
261200.KQ,하나금융9호스팩,금융 지원 서비스업
024660.KQ,하림홀딩스,기타 금융업
004590.KQ,한국가구,생활용품 도매업
034950.KQ,한국기업평가,기타 사업지원 서비스업
017890.KQ,한국알콜,기타 화학제품 제조업
053300.KQ,한국정보인증,소프트웨어 개발 및 공급업
221610.KQ,한솔씨앤피,기타 화학제품 제조업
078350.KQ,한양디지텍,반도체 제조업
045100.KQ,한양이엔지,"건축기술, 엔지니어링 및 관련 기술 서비스업"
123840.KQ,한일진공,특수 목적용 기계 제조업
076610.KQ,해성옵틱스,사진장비 및 광학기기 제조업
220180.KQ,핸디소프트,소프트웨어 개발 및 공급업
039010.KQ,현대통신,통신 및 방송 장비 제조업
053660.KQ,현진소재,기타 금속 가공제품 제조업
060560.KQ,홈센타홀딩스,기타 금융업
238490.KQ,힘스,특수 목적용 기계 제조업
054620.KQ,APS홀딩스,기타 금융업
068790.KQ,DMS,특수 목적용 기계 제조업
264850.KQ,IBKS제6호스팩,금융 지원 서비스업
067290.KQ,JW신약,의약품 제조업
046440.KQ,KG모빌리언스,소프트웨어 개발 및 공급업
058400.KQ,KNN,텔레비전 방송업
094480.KQ,갤럭시아컴즈,소프트웨어 개발 및 공급업
900280.KQ,골든센츄리,기타 금융업
121440.KQ,골프존뉴딘,기타 금융업
187790.KQ,나노,기초 화학물질 제조업
130580.KQ,나이스디앤비,기타 사업지원 서비스업
168330.KQ,내츄럴엔도텍,자연과학 및 공학 연구개발업
040160.KQ,누리텔레콤,소프트웨어 개발 및 공급업
007720.KQ,대명코퍼레이션,상품 종합 도매업
108380.KQ,대양전기공업,선박 및 보트 건조업
131220.KQ,대한과학,기계장비 및 관련 물품 도매업
010170.KQ,대한광통신,절연선 및 케이블 제조업
017680.KQ,데코앤이,봉제의복 제조업
075970.KQ,동국알앤에스,기타 비금속 광물제품 제조업
226440.KQ,동부스팩3호,금융 지원 서비스업
032960.KQ,동일기연,전자부품 제조업
068930.KQ,디지털대성,일반 교습 학원
238120.KQ,로고스바이오,사진장비 및 광학기기 제조업
012700.KQ,리드코프,기타 전문 도매업
072870.KQ,메가스터디,"서적, 잡지 및 기타 인쇄물 출판업"
133750.KQ,메가엠디,일반 교습 학원
140410.KQ,메지온,자연과학 및 공학 연구개발업
059210.KQ,메타바이오메드,의료용품 및 기타 의약 관련제품 제조업
080160.KQ,모두투어,여행사 및 기타 여행보조 서비스업
100030.KQ,모바일리더,소프트웨어 개발 및 공급업
250060.KQ,모비스,"컴퓨터 프로그래밍, 시스템 통합 및 관리업"
033200.KQ,모아텍,전자부품 제조업
006920.KQ,모헨즈,"시멘트, 석회, 플라스터 및 그 제품 제조업"
001810.KQ,무림SP,"펄프, 종이 및 판지 제조업"
049950.KQ,미래컴퍼니,특수 목적용 기계 제조업
214180.KQ,민앤지,기타 정보 서비스업
029480.KQ,바른테크놀로지,통신 및 방송 장비 제조업
044480.KQ,바이오제네틱스,고무제품 제조업
046310.KQ,백금T&A,통신 및 방송 장비 제조업
225530.KQ,보광산업,토사석 광업
100120.KQ,뷰웍스,의료용 기기 제조업
086670.KQ,비엠티,일반 목적용 기계 제조업
065450.KQ,빅텍,"측정, 시험, 항해, 제어 및 기타 정밀기기 제조업; 광학기기 제외"
123260.KQ,사파이어테크놀로지,반도체 제조업
009620.KQ,삼보산업,1차 비철금속 제조업
038500.KQ,삼표시멘트,기타 비금속 광물제품 제조업
089980.KQ,상아프론테크,플라스틱제품 제조업
042940.KQ,상지카일룸,전기 및 통신 공사업
003100.KQ,선광,기타 운송관련 서비스업
045300.KQ,성우테크론,전자부품 제조업
080470.KQ,성창오토텍,자동차 신품 부품 제조업
049180.KQ,셀루메드,기초 의약물질 및 생물학적 제제 제조업
154040.KQ,솔루에타,전자부품 제조업
084180.KQ,수성,일반 목적용 기계 제조업
094840.KQ,슈프리마에이치큐,기타 금융업
049830.KQ,승일,기타 금속 가공제품 제조업
033170.KQ,시그네틱스,반도체 제조업
002800.KQ,신신제약,의약품 제조업
138070.KQ,신진에스엠,기타 금속 가공제품 제조업
243840.KQ,신흥에스이씨,일차전지 및 축전지 제조업
108320.KQ,실리콘웍스,반도체 제조업
115530.KQ,씨엔플러스,전자부품 제조업
096530.KQ,씨젠,의료용품 및 기타 의약 관련제품 제조업
050860.KQ,아세아텍,특수 목적용 기계 제조업
139050.KQ,아이지스시스템,"컴퓨터 프로그래밍, 시스템 통합 및 관리업"
065660.KQ,안트로젠,기초 의약물질 및 생물학적 제제 제조업
061040.KQ,알에프텍,통신 및 방송 장비 제조업
131400.KQ,액트,전자부품 제조업
041510.KQ,에스엠,오디오물 출판 및 원판 녹음업
237690.KQ,에스티팜,의약품 제조업
138360.KQ,에이씨티,기타 화학제품 제조업
176440.KQ,에이치엔티,전자부품 제조업
028300.KQ,에이치엘비,선박 및 보트 건조업
031860.KQ,엔에스엔,상품 종합 도매업
123040.KQ,엠에스오토텍,자동차 신품 부품 제조업
036560.KQ,영풍정밀,일반 목적용 기계 제조업
080520.KQ,오디텍,반도체 제조업
900180.KQ,완리,기타 금융업
114630.KQ,우노앤컴퍼니,화학섬유 제조업
032820.KQ,우리기술,"전동기, 발전기 및 전기 변환 · 공급 · 제어 장치 제조업"
115440.KQ,우리넷,통신 및 방송 장비 제조업
037400.KQ,우리조명,전구 및 조명장치 제조업
008290.KQ,원풍물산,봉제의복 제조업
078070.KQ,유비쿼스홀딩스,기타 금융업
219960.KQ,유안타제2호스팩,금융 지원 서비스업
215090.KQ,유진에이씨피씨스팩2호,금융 지원 서비스업
088390.KQ,이녹스,기타 금융업
054210.KQ,이랜텍,전자부품 제조업
086890.KQ,이수앱지스,의료용품 및 기타 의약 관련제품 제조업
047560.KQ,이스트소프트,소프트웨어 개발 및 공급업
090850.KQ,이지웰페어,소프트웨어 개발 및 공급업
033230.KQ,인성정보,"컴퓨터 프로그래밍, 시스템 통합 및 관리업"
017250.KQ,인터엠,영상 및 음향기기 제조업
108790.KQ,인터파크,무점포 소매업
115310.KQ,인포바인,전기 통신업
078940.KQ,일경산업개발,전기 및 통신 공사업
043910.KQ,자연과환경,환경 정화 및 복원업
040420.KQ,정상제이엘에스,일반 교습 학원
045510.KQ,정원엔시스,"컴퓨터 프로그래밍, 시스템 통합 및 관리업"
095700.KQ,제넥신,자연과학 및 공학 연구개발업
072020.KQ,중앙백신,기초 의약물질 및 생물학적 제제 제조업
000440.KQ,중앙에너비스,기타 전문 도매업
155960.KQ,지디,전자부품 제조업
013720.KQ,청보산업,자동차 신품 부품 제조업
047820.KQ,초록뱀,"영화, 비디오물, 방송프로그램 제작 및 배급업"
094360.KQ,칩스앤미디어,소프트웨어 개발 및 공급업
043290.KQ,케이맥,특수 목적용 기계 제조업
250930.KQ,케이비제10호스팩,금융 지원 서비스업
046070.KQ,코다코,자동차 신품 부품 제조업
069110.KQ,코스온,기타 화학제품 제조업
056360.KQ,코위버,통신 및 방송 장비 제조업
226850.KQ,키움스팩4호,금융 지원 서비스업
065130.KQ,탑엔지니어링,특수 목적용 기계 제조업
123100.KQ,테라세미콘,특수 목적용 기계 제조업
045340.KQ,토탈소프트,소프트웨어 개발 및 공급업
108230.KQ,톱텍,특수 목적용 기계 제조업
130740.KQ,티피씨글로벌,자동차 신품 부품 제조업
049120.KQ,파인디앤씨,전자부품 제조업
222110.KQ,팬젠,의약품 제조업
003670.KQ,포스코켐텍,"시멘트, 석회, 플라스터 및 그 제품 제조업"
141020.KQ,포티스,무점포 소매업
093380.KQ,풍강,기타 금속 가공제품 제조업
032580.KQ,피델릭스,반도체 제조업
054340.KQ,피앤텔,통신 및 방송 장비 제조업
136480.KQ,하림,"도축, 육류 가공 및 저장 처리업"
126700.KQ,하이비젼시스템,사진장비 및 광학기기 제조업
106190.KQ,하이텍팜,기초 의약물질 및 생물학적 제제 제조업
025550.KQ,한국선재,1차 철강 제조업
101680.KQ,한국정밀기계,특수 목적용 기계 제조업
050540.KQ,한국코퍼레이션,기타 사업지원 서비스업
053590.KQ,한국테크놀로지,특수 목적용 기계 제조업
037230.KQ,한국팩키지,"골판지, 종이 상자 및 종이용기 제조업"
024740.KQ,한일단조,자동차 신품 부품 제조업
086960.KQ,한컴MDS,소프트웨어 개발 및 공급업
026180.KQ,현대정보기술,"컴퓨터 프로그래밍, 시스템 통합 및 관리업"
126640.KQ,화신정공,자동차 신품 부품 제조업
204630.KQ,화이브라더스코리아,창작 및 예술관련 서비스업
115160.KQ,휴맥스,영상 및 음향기기 제조업
200670.KQ,휴메딕스,의약품 제조업
265520.KQ,AP시스템,특수 목적용 기계 제조업
032040.KQ,C&S자산관리,기타 사업지원 서비스업
130960.KQ,CJ E&M,텔레비전 방송업
083450.KQ,GST,특수 목적용 기계 제조업
036640.KQ,HRS,합성고무 및 플라스틱 물질 제조업
254120.KQ,IBKS제5호스팩,금융 지원 서비스업
095340.KQ,ISC,전자부품 제조업
099520.KQ,ITX엠투엠,영상 및 음향기기 제조업
151860.KQ,KG ETS,폐기물 처리업
053290.KQ,NE능률,"서적, 잡지 및 기타 인쇄물 출판업"
950110.KQ,SBI핀테크솔루션즈,소프트웨어 개발 및 공급업
024910.KQ,경창산업,자동차 신품 부품 제조업
043650.KQ,국순당,알코올음료 제조업
092730.KQ,네오팜,기타 화학제품 제조업
033640.KQ,네패스,반도체 제조업
137940.KQ,넥스트아이,"측정, 시험, 항해, 제어 및 기타 정밀기기 제조업; 광학기기 제외"
041140.KQ,넥슨지티,소프트웨어 개발 및 공급업
142280.KQ,녹십자엠에스,의료용품 및 기타 의약 관련제품 제조업
012340.KQ,뉴인텍,전자부품 제조업
064260.KQ,다날,소프트웨어 개발 및 공급업
020400.KQ,대동금속,금속 주조업
017650.KQ,대림제지,기타 종이 및 판지 제품 제조업
027830.KQ,대성창투,신탁업 및 집합투자업
104040.KQ,대성파인텍,자동차 신품 부품 제조업
020180.KQ,대신정보통신,"컴퓨터 프로그래밍, 시스템 통합 및 관리업"
007680.KQ,대원,건물 건설업
003310.KQ,대주산업,동물용 사료 및 조제식품 제조업
192080.KQ,더블유게임즈,소프트웨어 개발 및 공급업
194480.KQ,데브시스터즈,소프트웨어 개발 및 공급업
086450.KQ,동국제약,의약품 제조업
023790.KQ,동일철강,1차 철강 제조업
078590.KQ,두올산업,자동차 신품 부품 제조업
214680.KQ,디알텍,의료용 기기 제조업
196490.KQ,디에이테크놀로지,특수 목적용 기계 제조업
127120.KQ,디엔에이링크,자연과학 및 공학 연구개발업
039840.KQ,디오,의료용 기기 제조업
079810.KQ,디이엔티,특수 목적용 기계 제조업
050120.KQ,라이브플렉스,생활용품 도매업
141080.KQ,레고켐바이오,자연과학 및 공학 연구개발업
228850.KQ,레이언스,의료용 기기 제조업
197210.KQ,리드,특수 목적용 기계 제조업
131100.KQ,리켐,기초 화학물질 제조업
038290.KQ,마크로젠,"그외 기타 전문, 과학 및 기술 서비스업"
267980.KQ,매일유업,낙농제품 및 식용빙과류 제조업
149940.KQ,모다,통신 및 방송 장비 제조업
239340.KQ,미래에셋제5호스팩,금융 지원 서비스업
201490.KQ,미투온,소프트웨어 개발 및 공급업
084990.KQ,바이로메드,자연과학 및 공학 연구개발업
208710.KQ,바이오로그디바이스,전자부품 제조업
148140.KQ,비디아이,일반 목적용 기계 제조업
138580.KQ,비즈니스온,소프트웨어 개발 및 공급업
054540.KQ,삼영엠텍,"구조용 금속제품, 탱크 및 증기발생기 제조업"
000250.KQ,삼천당제약,의약품 제조업
024950.KQ,삼천리자전거,생활용품 도매업
046390.KQ,삼화네트웍스,"영화, 비디오물, 방송프로그램 제작 및 배급업"
043710.KQ,서울리거,그외 기타 제품 제조업
018680.KQ,서울제약,의약품 제조업
065710.KQ,서호전기,"전동기, 발전기 및 전기 변환 · 공급 · 제어 장치 제조업"
053060.KQ,세동,자동차 신품 부품 제조업
234100.KQ,세원,자동차 신품 부품 제조업
252500.KQ,세화피앤씨,기타 화학제품 제조업
086980.KQ,쇼박스,"영화, 비디오물, 방송프로그램 제작 및 배급업"
048870.KQ,시너지이노베이션,반도체 제조업
001000.KQ,신라섬유,부동산 임대 및 공급업
056000.KQ,신스타임즈,소프트웨어 개발 및 공급업
187270.KQ,신화콘텍,"전동기, 발전기 및 전기 변환 · 공급 · 제어 장치 제조업"
036710.KQ,심텍홀딩스,기타 금융업
099830.KQ,씨그널엔터테인먼트그룹,"영화, 비디오물, 방송프로그램 제작 및 배급업"
264660.KQ,씨앤지하이테크,특수 목적용 기계 제조업
900120.KQ,씨케이에이치,기타 금융업
123860.KQ,아나패스,반도체 제조업
036010.KQ,아비코전자,통신 및 방송 장비 제조업
227610.KQ,아우딘퓨쳐스,기타 화학제품 제조업
214430.KQ,아이쓰리시스템,전자부품 제조업
069920.KQ,아이에스이커머스,무점포 소매업
030960.KQ,양지사,인쇄 및 인쇄관련 산업
217480.KQ,에스디생명공학,기타 화학제품 제조업
007820.KQ,에스엠코어,일반 목적용 기계 제조업
234300.KQ,에스트래픽,"컴퓨터 프로그래밍, 시스템 통합 및 관리업"
043340.KQ,에쎈테크,일반 목적용 기계 제조업
003800.KQ,에이스침대,가구 제조업
021080.KQ,에이티넘인베스트,신탁업 및 집합투자업
064090.KQ,에프앤리퍼블릭,통신 및 방송 장비 제조업
065160.KQ,에프티이앤이,화학섬유 제조업
950130.KQ,엑세스바이오,의료용품 및 기타 의약 관련제품 제조업
273060.KQ,엔에이치스팩12호,금융 지원 서비스업
208860.KQ,엔지스테크널러지,소프트웨어 개발 및 공급업
096870.KQ,엘디티,반도체 제조업
033160.KQ,엠케이전자,전자부품 제조업
143540.KQ,영우디에스피,특수 목적용 기계 제조업
053980.KQ,오상자이엘,"컴퓨터 프로그래밍, 시스템 통합 및 관리업"
057030.KQ,와이비엠넷,교육지원 서비스업
155650.KQ,와이엠씨,전자부품 제조업
019210.KQ,와이지-원,기타 금속 가공제품 제조업
072470.KQ,우리산업홀딩스,기타 금융업
240810.KQ,원익IPS,특수 목적용 기계 제조업
074600.KQ,원익QnC,유리 및 유리제품 제조업
069080.KQ,웹젠,소프트웨어 개발 및 공급업
097800.KQ,윈팩,반도체 제조업
086390.KQ,유니테스트,특수 목적용 기계 제조업
264450.KQ,유비쿼스,통신 및 방송 장비 제조업
056090.KQ,유앤아이,의료용 기기 제조업
044960.KQ,이-글 벳,기타 전문 도매업
060230.KQ,이그잭스,전자부품 제조업
258610.KQ,이더블유케이,"구조용 금속제품, 탱크 및 증기발생기 제조업"
065440.KQ,이루온,소프트웨어 개발 및 공급업
094190.KQ,이엘케이,전자부품 제조업
039030.KQ,이오테크닉스,특수 목적용 기계 제조업
041830.KQ,인바디,의료용 기기 제조업
049070.KQ,인탑스,통신 및 방송 장비 제조업
035080.KQ,인터파크홀딩스,기타 금융업
041020.KQ,인프라웨어,소프트웨어 개발 및 공급업
068330.KQ,일신바이오,일반 목적용 기계 제조업
033100.KQ,제룡전기,"전동기, 발전기 및 전기 변환 · 공급 · 제어 장치 제조업"
137950.KQ,제이씨케미칼,기타 화학제품 제조업
126880.KQ,제이엔케이히터,일반 목적용 기계 제조업
058420.KQ,제이웨이,"영화, 비디오물, 방송프로그램 제작 및 배급업"
067000.KQ,조이시티,소프트웨어 개발 및 공급업
263860.KQ,지니언스,소프트웨어 개발 및 공급업
004650.KQ,창해에탄올,알코올음료 제조업
026260.KQ,카테아,상품 종합 도매업
222390.KQ,케이비제8호스팩,금융 지원 서비스업
025880.KQ,케이씨피드,동물용 사료 및 조제식품 제조업
105330.KQ,케이엔더블유,플라스틱제품 제조업
064820.KQ,케이프,선박 및 보트 건조업
024880.KQ,케이피에프,기타 금속 가공제품 제조업
054410.KQ,케이피티,기타 금속 가공제품 제조업
217600.KQ,켐온,자연과학 및 공학 연구개발업
029960.KQ,코엔텍,폐기물 처리업
200130.KQ,콜마비앤에이치,기초 의약물질 및 생물학적 제제 제조업
900250.KQ,크리스탈신소재,기타 금융업
237880.KQ,클리오,기타 화학제품 제조업
105550.KQ,트루윈,전자부품 제조업
026150.KQ,특수건설,토목 건설업
064760.KQ,티씨케이,기타 비금속 광물제품 제조업
131290.KQ,티에스이,"측정, 시험, 항해, 제어 및 기타 정밀기기 제조업; 광학기기 제외"
246690.KQ,티에스인베스트먼트,신탁업 및 집합투자업
214450.KQ,파마리서치프로덕트,생활용품 도매업
150900.KQ,파수닷컴,소프트웨어 개발 및 공급업
119500.KQ,포메탈,기타 금속 가공제품 제조업
214270.KQ,퓨쳐스트림네트웍스,소프트웨어 개발 및 공급업
075130.KQ,플랜티넷,"컴퓨터 프로그래밍, 시스템 통합 및 관리업"
237750.KQ,피앤씨테크,"전동기, 발전기 및 전기 변환 · 공급 · 제어 장치 제조업"
128660.KQ,피제이메탈,1차 비철금속 제조업
200470.KQ,하이셈,"그외 기타 전문, 과학 및 기술 서비스업"
039340.KQ,한국경제TV,텔레비전 방송업
023760.KQ,한국캐피탈,기타 금융업
042520.KQ,한스바이오메드,의료용품 및 기타 의약 관련제품 제조업
046110.KQ,한일네트웍스,"자료처리, 호스팅, 포털 및 기타 인터넷 정보매개 서비스업"
079170.KQ,한창산업,1차 비철금속 제조업
034810.KQ,해성산업,부동산 임대 및 공급업
204990.KQ,현성바이탈,기타 식품 제조업
011080.KQ,형지I&C,봉제의복 제조업
061250.KQ,화일약품,의약품 제조업
051500.KQ,CJ프레시웨이,음·식료품 및 담배 도매업
037370.KQ,EG,기타 전문 도매업
036670.KQ,KCI,기타 화학제품 제조업
036030.KQ,KTH,전기 통신업
060370.KQ,KT서브마린,전기 및 통신 공사업
160550.KQ,NEW,"영화, 비디오물, 방송프로그램 제작 및 배급업"
104200.KQ,NHN벅스,기타 정보 서비스업
030190.KQ,NICE평가정보,기타 정보 서비스업
091340.KQ,S&K폴리텍,전자부품 제조업
046140.KQ,SBS콘텐츠허브,"영화, 비디오물, 방송프로그램 제작 및 배급업"
232330.KQ,SK3호스팩,금융 지원 서비스업
052260.KQ,SK바이오랜드,기타 화학제품 제조업
089230.KQ,THE E&M,기타 정보 서비스업
079940.KQ,가비아,소프트웨어 개발 및 공급업
078890.KQ,가온미디어,통신 및 방송 장비 제조업
089890.KQ,고려반도체,특수 목적용 기계 제조업
014570.KQ,고려제약,의약품 제조업
215000.KQ,골프존,소프트웨어 개발 및 공급업
019010.KQ,그랜드백화점,종합 소매업
121600.KQ,나노신소재,기타 화학제품 제조업
051490.KQ,나라엠앤디,특수 목적용 기계 제조업
089600.KQ,나스미디어,광고업
036800.KQ,나이스정보통신,전기 통신업
072770.KQ,네오디안테크놀로지,"컴퓨터 프로그래밍, 시스템 통합 및 관리업"
007390.KQ,네이처셀,비알코올음료 및 얼음 제조업
225570.KQ,넷게임즈,소프트웨어 개발 및 공급업
031390.KQ,녹십자셀,기초 의약물질 및 생물학적 제제 제조업
065560.KQ,녹원씨아이,기타 전문 도매업
126870.KQ,뉴로스,일반 목적용 기계 제조업
119860.KQ,다나와,소프트웨어 개발 및 공급업
004780.KQ,대륙제관,기타 금속 가공제품 제조업
078140.KQ,대봉엘에스,의약품 제조업
035290.KQ,더블유에프엠,"서적, 잡지 및 기타 인쇄물 출판업"
077360.KQ,덕산하이메탈,기타 금융업
090410.KQ,덕신하우징,"구조용 금속제품, 탱크 및 증기발생기 제조업"
206560.KQ,덱스터,"영화, 비디오물, 방송프로그램 제작 및 배급업"
281740.KQ,동부스팩5호,금융 지원 서비스업
033500.KQ,동성화인텍,기초 화학물질 제조업
025950.KQ,동신건설,토목 건설업
025900.KQ,동화기업,나무제품 제조업
203650.KQ,드림시큐리티,소프트웨어 개발 및 공급업
131030.KQ,디에이치피코리아,의약품 제조업
113810.KQ,디젠스,자동차 신품 부품 제조업
106520.KQ,디지탈옵틱,사진장비 및 광학기기 제조업
187220.KQ,디티앤씨,기타 과학기술 서비스업
084650.KQ,랩지노믹스,자연과학 및 공학 연구개발업
047440.KQ,레이젠,전자부품 제조업
093520.KQ,매커스,기계장비 및 관련 물품 도매업
067280.KQ,멀티캠퍼스,기타 교육기관
018700.KQ,바른손,음식점업
142760.KQ,바이오리더스,자연과학 및 공학 연구개발업
038460.KQ,바이오스마트,전자부품 제조업
032980.KQ,바이온,음·식료품 및 담배 도매업
043150.KQ,바텍,의료용 기기 제조업
036620.KQ,버추얼텍,기타 전문 도매업
033560.KQ,블루콤,영상 및 음향기기 제조업
200780.KQ,비씨월드제약,의약품 제조업
023600.KQ,삼보판지,"펄프, 종이 및 판지 제조업"
032280.KQ,삼일,도로 화물 운송업
032750.KQ,삼진,통신 및 방송 장비 제조업
054090.KQ,삼진엘앤디,전자부품 제조업
017480.KQ,삼현철강,1차 철강 제조업
091580.KQ,상신이디피,일차전지 및 축전지 제조업
100660.KQ,서암기계공업,일반 목적용 기계 제조업
019770.KQ,서연탑메탈,특수 목적용 기계 제조업
063170.KQ,서울옥션,상품 중개업
011560.KQ,세보엠이씨,건물설비 설치 공사업
053450.KQ,세코닉스,사진장비 및 광학기기 제조업
066910.KQ,손오공,"인형,장난감 및 오락용품 제조업"
043100.KQ,솔고바이오,의료용 기기 제조업
253450.KQ,스튜디오드래곤,"영화, 비디오물, 방송프로그램 제작 및 배급업"
025870.KQ,신라에스지,수산물 가공 및 저장 처리업
257730.KQ,신한제3호스팩,금융 지원 서비스업
122800.KQ,썬텍,금속 주조업
037760.KQ,쎄니트,1차 철강 제조업
066790.KQ,씨씨에스,텔레비전 방송업
225330.KQ,씨엠에스에듀,일반 교습 학원
013990.KQ,아가방컴퍼니,생활용품 도매업
099190.KQ,아이센스,의료용 기기 제조업
097780.KQ,에스맥,통신 및 방송 장비 제조업
065420.KQ,에스아이리소스,석탄 광업
095910.KQ,에스에너지,"전동기, 발전기 및 전기 변환 · 공급 · 제어 장치 제조업"
060540.KQ,에스에이티,"측정, 시험, 항해, 제어 및 기타 정밀기기 제조업; 광학기기 제외"
056190.KQ,에스에프에이,특수 목적용 기계 제조업
080000.KQ,에스엔유,특수 목적용 기계 제조업
096630.KQ,에스코넥,통신 및 방송 장비 제조업
058610.KQ,에스피지,"전동기, 발전기 및 전기 변환 · 공급 · 제어 장치 제조업"
067630.KQ,에이치엘비생명과학,"건축기술, 엔지니어링 및 관련 기술 서비스업"
109960.KQ,에이프로젠 H&G,통신 및 방송 장비 제조업
038870.KQ,에코바이오,건물설비 설치 공사업
036810.KQ,에프에스티,전자부품 제조업
063440.KQ,에프엔씨애드컬쳐,기록매체 복제업
067570.KQ,엔브이에이치코리아,자동차 신품 부품 제조업
048830.KQ,엔피케이,합성고무 및 플라스틱 물질 제조업
170920.KQ,엘티씨,기초 화학물질 제조업
115960.KQ,연우,플라스틱제품 제조업
122640.KQ,예스티,특수 목적용 기계 제조업
241790.KQ,오션브릿지,기타 화학제품 제조업
052770.KQ,와이디온라인,소프트웨어 개발 및 공급업
122870.KQ,와이지엔터테인먼트,오디오물 출판 및 원판 녹음업
073560.KQ,우리손에프앤지,축산업
082850.KQ,우리이티아이,전구 및 조명장치 제조업
046940.KQ,우원개발,기반조성 및 시설물 축조관련 전문공사업
065680.KQ,우주일렉트로,전자부품 제조업
030530.KQ,원익홀딩스,기타 금융업
241690.KQ,유니테크노,자동차 신품 부품 제조업
048430.KQ,유라테크,"전동기, 발전기 및 전기 변환 · 공급 · 제어 장치 제조업"
049520.KQ,유아이엘,전자부품 제조업
052190.KQ,이에스에이,창작 및 예술관련 서비스업
033600.KQ,이젠텍,자동차 신품 부품 제조업
096040.KQ,이트론,컴퓨터 및 주변장치 제조업
001840.KQ,이화공영,건물 건설업
119610.KQ,인터로조,사진장비 및 광학기기 제조업
064290.KQ,인텍플러스,특수 목적용 기계 제조업
058450.KQ,일야,통신 및 방송 장비 제조업
019540.KQ,일지테크,자동차 신품 부품 제조업
950140.KQ,잉글우드랩,기타 금융업
174880.KQ,장원테크,통신 및 방송 장비 제조업
049630.KQ,재영솔루텍,사진장비 및 광학기기 제조업
217190.KQ,제너셈,특수 목적용 기계 제조업
090470.KQ,제이스텍,특수 목적용 기계 제조업
033050.KQ,제이엠아이,기록매체 복제업
036420.KQ,제이콘텐트리,기타 금융업
038010.KQ,제일테크노스,"구조용 금속제품, 탱크 및 증기발생기 제조업"
003380.KQ,제일홀딩스,기타 금융업
080220.KQ,제주반도체,반도체 제조업
054180.KQ,중앙오션,선박 및 보트 건조업
043610.KQ,지니뮤직,"자료처리, 호스팅, 포털 및 기타 인터넷 정보매개 서비스업"
208350.KQ,지란지교시큐리티,소프트웨어 개발 및 공급업
900090.KQ,차이나하오란,기타 금융업
180400.KQ,캔서롭,기타 과학기술 서비스업
214370.KQ,케어젠,기초 의약물질 및 생물학적 제제 제조업
220260.KQ,켐트로스,기타 화학제품 제조업
094860.KQ,코닉글로리,소프트웨어 개발 및 공급업
080530.KQ,코디,기타 화학제품 제조업
078650.KQ,코렌,사진장비 및 광학기기 제조업
241710.KQ,코스메카코리아,기타 화학제품 제조업
060280.KQ,큐렉소,기타 상품 전문 소매업
182360.KQ,큐브엔터,오디오물 출판 및 원판 녹음업
066310.KQ,큐에스아이,반도체 제조업
043590.KQ,크로바하이텍,반도체 제조업
044490.KQ,태웅,기타 금속 가공제품 제조업
196450.KQ,텔루스,사진장비 및 광학기기 제조업
057880.KQ,토필드,영상 및 음향기기 제조업
052290.KQ,트레이스,전자부품 제조업
033830.KQ,티비씨,텔레비전 방송업
104480.KQ,티케이케미칼,화학섬유 제조업
046210.KQ,파나진,의료용품 및 기타 의약 관련제품 제조업
033540.KQ,파라텍,특수 목적용 기계 제조업
140860.KQ,파크시스템스,"측정, 시험, 항해, 제어 및 기타 정밀기기 제조업; 광학기기 제외"
038160.KQ,팍스넷,기타 정보 서비스업
032800.KQ,판타지오,창작 및 예술관련 서비스업
087010.KQ,펩트론,기초 의약물질 및 생물학적 제제 제조업
056730.KQ,포스링크,기타 전문 도매업
189690.KQ,포시에스,소프트웨어 개발 및 공급업
094940.KQ,푸른기술,컴퓨터 및 주변장치 제조업
195440.KQ,퓨전데이타,소프트웨어 개발 및 공급업
203690.KQ,프로스테믹스,기초 의약물질 및 생물학적 제제 제조업
131390.KQ,피앤이솔루션,"전동기, 발전기 및 전기 변환 · 공급 · 제어 장치 제조업"
024850.KQ,피에스엠씨,전자부품 제조업
161580.KQ,필옵틱스,특수 목적용 기계 제조업
067310.KQ,하나마이크론,반도체 제조업
166090.KQ,하나머티리얼즈,반도체 제조업
066130.KQ,하츠,가정용 기기 제조업
039740.KQ,한국정보공학,기타 전문 도매업
021650.KQ,한국큐빅,플라스틱제품 제조업
030520.KQ,한글과컴퓨터,소프트웨어 개발 및 공급업
047080.KQ,한빛소프트,소프트웨어 개발 및 공급업
070300.KQ,한솔시큐어,소프트웨어 개발 및 공급업
077280.KQ,한컴지엠디,소프트웨어 개발 및 공급업
002680.KQ,한탑,"곡물가공품, 전분 및 전분제품 제조업"
264290.KQ,한화에이스스팩3호,금융 지원 서비스업
008800.KQ,행남자기,"내화, 비내화 요업제품 제조업"
145020.KQ,휴젤,기초 의약물질 및 생물학적 제제 제조업
211270.KQ,AP위성,통신 및 방송 장비 제조업
045890.KQ,DB라이텍,전구 및 조명장치 제조업
900290.KQ,GRT,기타 금융업
225430.KQ,IBKS제3호스팩,금융 지원 서비스업
065150.KQ,MP그룹,음·식료품 및 담배 도매업
036120.KQ,SCI평가정보,기타 사업지원 서비스업
090730.KQ,SIMPAC Metal,1차 철강 제조업
036490.KQ,SK머티리얼즈,기초 화학물질 제조업
032540.KQ,TJ미디어,영상 및 음향기기 제조업
048770.KQ,TPC,일반 목적용 기계 제조업
219580.KQ,골든브릿지제3호스팩,금융 지원 서비스업
019660.KQ,글로본,상품 종합 도매업
091590.KQ,남화토건,건물 건설업
095660.KQ,네오위즈,소프트웨어 개발 및 공급업
042420.KQ,네오위즈홀딩스,기타 금융업
153460.KQ,네이블커뮤니케이션즈,소프트웨어 개발 및 공급업
073070.KQ,넥센테크,자동차 신품 부품 제조업
081970.KQ,넥스지,소프트웨어 개발 및 공급업
069140.KQ,누리플랜,"구조용 금속제품, 탱크 및 증기발생기 제조업"
008830.KQ,대동기어,특수 목적용 기계 제조업
048470.KQ,대동스틸,1차 철강 제조업
025440.KQ,대성엘텍,영상 및 음향기기 제조업
120240.KQ,대정화금,기초 화학물질 제조업
213420.KQ,덕산네오룩스,전자부품 제조업
099410.KQ,동방선기,선박 및 보트 건조업
230490.KQ,동부제4호스팩,금융 지원 서비스업
079960.KQ,동양이엔피,"전동기, 발전기 및 전기 변환 · 공급 · 제어 장치 제조업"
030350.KQ,드래곤플라이,소프트웨어 개발 및 공급업
066670.KQ,디스플레이텍,전자부품 제조업
263720.KQ,디앤씨미디어,"서적, 잡지 및 기타 인쇄물 출판업"
066900.KQ,디에이피,전자부품 제조업
134580.KQ,디엠티,통신 및 방송 장비 제조업
105740.KQ,디케이락,일반 목적용 기계 제조업
038390.KQ,레드캡투어,여행사 및 기타 여행보조 서비스업
067730.KQ,로지시스,"컴퓨터 프로그래밍, 시스템 통합 및 관리업"
071280.KQ,로체시스템즈,"전동기, 발전기 및 전기 변환 · 공급 · 제어 장치 제조업"
060240.KQ,룽투코리아,소프트웨어 개발 및 공급업
058470.KQ,리노공업,전자부품 제조업
016100.KQ,리더스코스메틱,기타 화학제품 제조업
035480.KQ,마제스타,유원지 및 기타 오락관련 서비스업
005990.KQ,매일홀딩스,기타 금융업
041920.KQ,메디아나,의료용 기기 제조업
065650.KQ,메디프론,기계장비 및 관련 물품 도매업
161570.KQ,미동앤씨네마,영상 및 음향기기 제조업
028040.KQ,미래SCI,기타 비금속 광물제품 제조업
218150.KQ,미래생명자원,동물용 사료 및 조제식품 제조업
064520.KQ,바른전자,반도체 제조업
053030.KQ,바이넥스,의약품 제조업
090460.KQ,비에이치,전자부품 제조업
083650.KQ,비에이치아이,일반 목적용 기계 제조업
093190.KQ,빅솔론,컴퓨터 및 주변장치 제조업
072950.KQ,빛샘전자,전자부품 제조업
082660.KQ,삼우엠스,통신 및 방송 장비 제조업
189860.KQ,서전기전,"전동기, 발전기 및 전기 변환 · 공급 · 제어 장치 제조업"
011370.KQ,서한,건물 건설업
015750.KQ,성우하이텍,자동차 신품 부품 제조업
017510.KQ,세명전기,기타 금속 가공제품 제조업
100700.KQ,세운메디칼,의료용품 및 기타 의약 관련제품 제조업
024830.KQ,세원물산,자동차 신품 부품 제조업
036830.KQ,솔브레인,기타 화학제품 제조업
033790.KQ,스카이문스테크놀로지,통신 및 방송 장비 제조업
013810.KQ,스페코,특수 목적용 기계 제조업
039670.KQ,스포츠서울,"서적, 잡지 및 기타 인쇄물 출판업"
065350.KQ,신성델타테크,가정용 기기 제조업
263770.KQ,신영스팩3호,금융 지원 서비스업
017000.KQ,신원종합개발,건물 건설업
136510.KQ,쎄미시스코,특수 목적용 기계 제조업
058220.KQ,아리온,통신 및 방송 장비 제조업
083930.KQ,아바코,특수 목적용 기계 제조업
149950.KQ,아바텍,전자부품 제조업
127710.KQ,아시아경제,"자료처리, 호스팅, 포털 및 기타 인터넷 정보매개 서비스업"
054800.KQ,아이디스홀딩스,기타 금융업
040910.KQ,아이씨디,특수 목적용 기계 제조업
185490.KQ,아이진,자연과학 및 공학 연구개발업
124500.KQ,아이티센,"컴퓨터 프로그래밍, 시스템 통합 및 관리업"
096610.KQ,알에프세미,반도체 제조업
148250.KQ,알엔투테크놀로지,전자부품 제조업
052790.KQ,액토즈소프트,소프트웨어 개발 및 공급업
174900.KQ,앱클론,의료용품 및 기타 의약 관련제품 제조업
030270.KQ,에스마크,방적 및 가공사 제조업
042110.KQ,에스씨디,가정용 기기 제조업
900080.KQ,에스앤씨엔진그룹,기타 금융업
160600.KQ,에스엔텍,특수 목적용 기계 제조업
043220.KQ,에이치엘비파워,상품 종합 도매업
071670.KQ,에이테크솔루션,특수 목적용 기계 제조업
182400.KQ,에이티젠,기초 의약물질 및 생물학적 제제 제조업
214870.KQ,에치디프로,통신 및 방송 장비 제조업
086520.KQ,에코프로,기타 화학제품 제조업
083500.KQ,에프엔에스테크,특수 목적용 기계 제조업
205100.KQ,엑셈,소프트웨어 개발 및 공급업
092870.KQ,엑시콘,특수 목적용 기계 제조업
069410.KQ,엔텔스,소프트웨어 개발 및 공급업
061970.KQ,엘비세미콘,반도체 제조업
156100.KQ,엘앤케이바이오,의료용 기기 제조업
259630.KQ,엠플러스,특수 목적용 기계 제조업
090740.KQ,연이정보통신,전자부품 제조업
007530.KQ,영신금속,기타 금속 가공제품 제조업
036000.KQ,예림당,"서적, 잡지 및 기타 인쇄물 출판업"
052420.KQ,오성엘에스티,플라스틱제품 제조업
066590.KQ,우수AMS,자동차 신품 부품 제조업
036090.KQ,위지트,특수 목적용 기계 제조업
018000.KQ,유니슨,일반 목적용 기계 제조업
089850.KQ,유비벨록스,소프트웨어 개발 및 공급업
023410.KQ,유진기업,"시멘트, 석회, 플라스터 및 그 제품 제조업"
039020.KQ,이건홀딩스,기타 금융업
053350.KQ,이니텍,소프트웨어 개발 및 공급업
226360.KQ,이엑스티,"건축기술, 엔지니어링 및 관련 기술 서비스업"
102710.KQ,이엔에프테크놀로지,기타 화학제품 제조업
063760.KQ,이엘피,"측정, 시험, 항해, 제어 및 기타 정밀기기 제조업; 광학기기 제외"
088290.KQ,이원컴포텍,자동차 신품 부품 제조업
189300.KQ,인텔리안테크,통신 및 방송 장비 제조업
022220.KQ,정산애강,플라스틱제품 제조업
147830.KQ,제룡산업,"구조용 금속제품, 탱크 및 증기발생기 제조업"
044060.KQ,조광ILI,일반 목적용 기계 제조업
114570.KQ,지스마트글로벌,반도체 제조업
051160.KQ,지어소프트,소프트웨어 개발 및 공급업
065060.KQ,지엔코,봉제의복 제조업
018290.KQ,지엠피,컴퓨터 및 주변장치 제조업
066360.KQ,체리부로,"도축, 육류 가공 및 저장 처리업"
050110.KQ,캠시스,전자부품 제조업
083550.KQ,케이엠,기타 섬유제품 제조업
089010.KQ,켐트로닉스,기타 화학제품 제조업
052400.KQ,코나아이,소프트웨어 개발 및 공급업
047770.KQ,코데즈컴바인,봉제의복 제조업
041960.KQ,코미팜,의약품 제조업
102940.KQ,코오롱생명과학,기초 의약물질 및 생물학적 제제 제조업
072520.KQ,태양씨앤엘,전자부품 제조업
191420.KQ,테고사이언스,기초 의약물질 및 생물학적 제제 제조업
066700.KQ,테라젠이텍스,의약품 제조업
131970.KQ,테스나,"그외 기타 전문, 과학 및 기술 서비스업"
091440.KQ,텔레필드,통신 및 방송 장비 제조업
079970.KQ,투비소프트,소프트웨어 개발 및 공급업
177830.KQ,파버나인,전자부품 제조업
047310.KQ,파워로직스,"전동기, 발전기 및 전기 변환 · 공급 · 제어 장치 제조업"
027710.KQ,팜스토리,동물용 사료 및 조제식품 제조업
039230.KQ,폭스브레인,"측정, 시험, 항해, 제어 및 기타 정밀기기 제조업; 광학기기 제외"
137400.KQ,피엔티,특수 목적용 기계 제조업
270520.KQ,하나금융10호스팩,금융 지원 서비스업
041460.KQ,한국전자인증,소프트웨어 개발 및 공급업
054040.KQ,한국컴퓨터,전자부품 제조업
092460.KQ,한라IMS,선박 및 보트 건조업
066110.KQ,한프,컴퓨터 및 주변장치 제조업
265920.KQ,한화수성스팩,금융 지원 서비스업
064240.KQ,홈캐스트,영상 및 음향기기 제조업
086250.KQ,화신테크,특수 목적용 기계 제조업
097870.KQ,효성오앤비,"비료, 농약 및 살균, 살충제 제조업"
243070.KQ,휴온스,의약품 제조업
189980.KQ,흥국에프엔비,비알코올음료 및 얼음 제조업
